,date,aqiman,aqideonar,aqicheeta,aqianush,aqishiv,aqigov,aqicheme,aqitrom,avg
0,12/28/2020,270,270.0,270.0,270.0,270.0,270.0,270.0,270.0,270.0
1,12/29/2020,280,280.0,250.0,250.0,280.0,280.0,250.0,280.0,270.0
2,12/30/2020,273,300.0,310.0,310.0,273.0,273.0,310.0,273.0,289.8333333333333
3,12/31/2020,273,,312.0,312.0,312.0,273.0,312.0,91.0,296.4
4,1/1/2021,277,314.0,314.0,91.0,,314.0,363.0,314.0,262.0
5,1/2/2021,281,305.0,,314.0,100.0,,314.0,,250.0
6,1/3/2021,215,,316.0,,,316.0,,316.0,282.3333333333333
7,1/4/2021,289,307.0,207.0,216.0,316.0,307.0,316.0,307.0,273.6666666666667
8,1/5/2021,293,293.0,293.0,,307.0,,,293.0,296.5
9,1/6/2021,247,297.0,300.0,207.0,379.0,293.0,307.0,293.0,287.1666666666667
10,1/7/2021,301,213.0,313.0,293.0,379.0,293.0,,313.0,298.6666666666667
11,1/8/2021,205,216.0,216.0,213.0,307.0,313.0,293.0,309.0,245.0
12,1/9/2021,209,219.0,219.0,291.0,302.0,316.0,305.0,305.0,259.3333333333333
13,1/10/2021,213,222.0,222.0,280.0,197.0,319.0,313.0,301.0,242.16666666666666
14,1/11/2021,217,221.0,215.0,284.0,192.0,322.0,318.0,297.0,241.83333333333334
15,1/12/2021,321,220.0,218.0,288.0,287.0,325.0,323.0,293.0,276.5
16,1/13/2021,225,300.0,231.0,292.0,282.0,328.0,328.0,289.0,276.3333333333333
17,1/14/2021,213,210.0,234.0,296.0,177.0,331.0,333.0,285.0,243.5
18,1/15/2021,301,202.0,257.0,200.0,172.0,334.0,338.0,281.0,244.33333333333334
19,1/16/2021,289,210.0,240.0,204.0,267.0,337.0,343.0,277.0,257.8333333333333
20,1/17/2021,277,198.0,213.0,208.0,262.0,340.0,348.0,273.0,249.66666666666666
21,1/18/2021,165,221.0,246.0,212.0,157.0,343.0,353.0,269.0,224.0
22,1/19/2021,153,243.0,249.0,316.0,252.0,346.0,358.0,265.0,259.8333333333333
23,1/20/2021,141,231.0,252.0,220.0,247.0,349.0,363.0,261.0,240.0
24,1/21/2021,244,255.0,265.0,224.0,242.0,352.0,368.0,257.0,263.6666666666667
25,1/22/2021,147,258.0,250.0,222.0,237.0,354.0,373.0,253.0,244.66666666666666
26,1/23/2021,250,161.0,275.0,232.0,232.0,356.0,378.0,249.0,251.0
27,1/24/2021,253,164.0,240.0,229.0,227.0,358.0,375.0,245.0,245.16666666666666
28,1/25/2021,156,167.0,265.0,226.0,122.0,360.0,372.0,241.0,216.0
29,1/26/2021,259,170.0,230.0,223.0,332.0,362.0,369.0,237.0,262.6666666666667
30,1/27/2021,162,140.0,265.0,220.0,242.0,364.0,366.0,254.0,232.16666666666666
31,1/28/2021,265,141.0,220.0,217.0,152.0,366.0,363.0,271.0,226.83333333333334
32,1/29/2021,268,112.0,235.0,214.0,262.0,368.0,360.0,288.0,243.16666666666666
33,1/30/2021,172,116.0,210.0,205.0,172.0,370.0,357.0,305.0,207.5
34,1/31/2021,176,100.0,205.0,196.0,282.0,372.0,354.0,322.0,221.83333333333334
35,2/1/2021,180,188.0,213.0,187.0,292.0,374.0,351.0,339.0,239.0
36,2/2/2021,184,178.0,201.0,178.0,302.0,376.0,348.0,356.0,236.5
37,2/3/2021,188,144.0,299.0,169.0,212.0,366.0,341.0,273.0,229.66666666666666
38,2/4/2021,292,140.0,297.0,160.0,222.0,356.0,334.0,290.0,244.5
39,2/5/2021,210,133.0,295.0,151.0,232.0,346.0,327.0,290.0,227.83333333333334
40,2/6/2021,186,,224.0,142.0,142.0,336.0,320.0,101.0,206.0
41,2/7/2021,115,101.0,,233.0,124.0,124.0,313.0,,139.4
42,2/8/2021,155,,193.0,201.0,,,306.0,193.0,183.0
43,2/9/2021,107,103.0,190.0,,105.0,193.0,259.0,122.0,139.6
44,2/10/2021,111,111.0,160.0,193.0,108.0,134.0,,111.0,136.16666666666666
45,2/11/2021,147,103.0,156.0,150.0,100.0,153.0,193.0,102.0,134.83333333333334
46,2/12/2021,178,102.0,155.0,170.0,102.0,102.0,154.0,154.0,134.83333333333334
47,2/13/2021,245,148.0,128.0,203.0,111.0,197.0,122.0,134.0,172.0
48,2/14/2021,176,150.0,178.0,301.0,111.0,108.0,102.0,122.0,170.66666666666666
